Dataset,Nodes,GreedyDistance,MSTDistance,Winner,ImprovementRatio,Phase1TimeMs,Phase2TimeMs,Phase3TimeMs,Phase4TimeMs,TotalTimeMs,GreedyOnlyDistance,MSTOnlyDistance,FinalDistance
circle8,8,122.449,171.831,Greedy,0.287385,0.014,0.002,0.006,0.001,0.023,122.449,171.831,122.449
small10,10,100,162.462,Greedy,0.384472,0.018,0.002,0.007,0.002,0.029,100,162.462,100
small15,15,188.284,185.765,MST,0.0133806,0.027,0.003,0.01,0.003,0.043,188.284,185.765,168.284
small20,20,231.681,271.198,Greedy,0.145714,0.042,0.005,0.014,0.003,0.064,231.681,271.198,231.681
a280,280,3484.61,3738.12,Greedy,0.0678186,1.07,0.097,0.284,0.038,1.489,3484.61,3738.12,3454.02
xql662,662,3306.86,3498.71,Greedy,0.054833,3.184,0.251,0.743,0.1,4.278,3306.86,3498.71,3277.58
